title,text,short_description,image,nodes,edges
Ворота,"Локальная идентичность обнаруживается в непрерывном поиске или создаётся собственноручно акторами культурной среды? На этот вопрос мы предлагаем вам найти ответ самостоятельно в процессе изучения выставки «Культурный слой». Последние несколько лет всё чаще и чаще в дискурсе регионов звучит вопрос поисков «своего лица». Важным актором в процессе этого поиска в Тюмени являются местные современные художники. Современное искусство становится инструментом и языком, который используется для создания новых смыслов, отражения локального нарратива и исследования культурного слоя города.
«Культурный слой» – выставка современного тюменского искусства, взявшая на себя задачу зафиксировать художественную жизнь города и её участников с 2000 по 2024 год. Художественную практику этого периода можно охарактеризовать как перетекающие друг в друга культурные потоки. Проекты, созданные молодыми художниками до 2010 года, подталкивали к зарождению своих последователей, появившихся с 2010 по 2020 годы. А последние уже создали то разнообразие, которое мы видим в настоящий момент. Одной из особенностей культурной жизни города является появление в заявленный период не менее 13 художественных объединений. Будучи площадками для творческого взаимообмена, они спровоцировали толчок к развитию активной художественной среды.
Входя в пространство «Культурного слоя», мы видим, как те самые акторы исследования «своего лица» обращаются к историческим, этническим, антропологическим и географическим темам в процессе поиска новых форм диалога между прошлым, настоящим и будущим. Подобно археологам, художники раскапывают артефакты ушедших эпох и настоящего времени, чтобы составить жизнеописание и культурный облик Тюмени. 
Обращаясь к историческому прошлому, авторы переосмысляют купеческое наследие, работают с музейными архивами, очеловечивают город, наделяя его историей и характером, занимаются интерпретацией сохранившейся материальной культуры в виде архитектурного наследия и скульптурного фонда. А также воспроизводят значимые фрагменты из памяти художественного сообщества.
В вопросе локальной идентичности важным аспектом является этническая культура, которая раскрывается на выставке посредством работы художников с мифологией, фольклором, традициями, символикой и национальными ремёслами русской, татарской, хантыйской и мансийской культур. Такой межкультурный диалог отражает разные ценности и практики по отношению к локальному искусству, а также подчёркивает видимость особенностей региона.
Один из ответов на вопрос «Кто мы?» авторы находят в известной поговорке «Тюмень – столица деревень». Под новым углом мы видим изображённые в лирических и поэтических тонах населённые пункты Тюменской области: Велижаны, Исетское, Леваши, Новикова, Суклем и другие. Художники и здесь обращаются к архиву, но уже личному, используя в своём высказывании не только образы предметов, но и сами объекты в физическом их воплощении. 
Географический ландшафт области, её природные особенности – растительный мир, леса, болота, древнее Западно-Сибирское море, а также другие водоёмы – поглощают тюменских авторов не меньше. Природные следы жизни и смерти, роста и распада, стихийных изменений, взаимодействия человека с окружающим миром помогают авторам отразить темы течения времени, изменчивости пространства, непрерывности жизни в глобальном смысле. 
Художники в попытке увидеть себя и город со стороны в контексте художественной среды сформировали актуальное высказывание на тему локальной идентичности. Частое обращение к таким медиумам, как текстильное искусство, видео-арт, инсталляция и цифровые технологии, свидетельствует о тенденции к поиску иных форм высказывания, свойственных актуальному искусству. Получившийся этнокультурный ландшафт территории подчёркивает наслоение разнообразных культурных потоков, присутствие местной самобытности и одновременно нахождение в глобальном дискурсе современного искусства. 
","Локальная идентичность обнаруживается в непрерывном поиске или создаётся собственноручно акторами культурной среды? На этот вопрос мы предлагаем вам найти ответ самостоятельно в процессе изучения выставки «Культурный слой». Последние несколько лет всё чаще и чаще в дискурсе регионов звучит вопрос поисков «своего лица». Важным актором в процессе этого поиска в Тюмени являются местные современные художники. Современное искусство становится инструментом и языком, который используется для создания новых смыслов, отражения локального нарратива и исследования культурного слоя города.
«Культурный слой» – выставка современного тюменского искусства, взявшая на себя задачу зафиксировать художественную жизнь города и её участников с 2000 по 2024 год. Художественную практику этого периода можно охарактеризовать как перетекающие друг в друга культурные потоки. Проекты, созданные молодыми художниками до 2010 года, подталкивали к зарождению своих последователей, появившихся с 2010 по 2020 годы. А последние уже создали то разнообразие, которое мы видим в настоящий момент. Одной из особенностей культурной жизни города является появление в заявленный период не менее 13 художественных объединений. Будучи площадками для творческого взаимообмена, они спровоцировали толчок к развитию активной художественной среды.
Входя в пространство «Культурного слоя», мы видим, как те самые акторы исследования «своего лица» обращаются к историческим, этническим, антропологическим и географическим темам в процессе поиска новых форм диалога между прошлым, настоящим и будущим. Подобно археологам, художники раскапывают артефакты ушедших эпох и настоящего времени, чтобы составить жизнеописание и культурный облик Тюмени. 
Обращаясь к историческому прошлому, авторы переосмысляют купеческое наследие, работают с музейными архивами, очеловечивают город, наделяя его историей и характером, занимаются интерпретацией сохранившейся материальной культуры в виде архитектурного наследия и скульптурного фонда. А также воспроизводят значимые фрагменты из памяти художественного сообщества.
В вопросе локальной идентичности важным аспектом является этническая культура, которая раскрывается на выставке посредством работы художников с мифологией, фольклором, традициями, символикой и национальными ремёслами русской, татарской, хантыйской и мансийской культур. Такой межкультурный диалог отражает разные ценности и практики по отношению к локальному искусству, а также подчёркивает видимость особенностей региона.
Один из ответов на вопрос «Кто мы?» авторы находят в известной поговорке «Тюмень – столица деревень». Под новым углом мы видим изображённые в лирических и поэтических тонах населённые пункты Тюменской области: Велижаны, Исетское, Леваши, Новикова, Суклем и другие. Художники и здесь обращаются к архиву, но уже личному, используя в своём высказывании не только образы предметов, но и сами объекты в физическом их воплощении. 
Географический ландшафт области, её природные особенности – растительный мир, леса, болота, древнее Западно-Сибирское море, а также другие водоёмы – поглощают тюменских авторов не меньше. Природные следы жизни и смерти, роста и распада, стихийных изменений, взаимодействия человека с окружающим миром помогают авторам отразить темы течения времени, изменчивости пространства, непрерывности жизни в глобальном смысле. 
Художники в попытке увидеть себя и город со стороны в контексте художественной среды сформировали актуальное высказывание на тему локальной идентичности. Частое обращение к таким медиумам, как текстильное искусство, видео-арт, инсталляция и цифровые технологии, свидетельствует о тенденции к поиску иных форм высказывания, свойственных актуальному искусству. Получившийся этнокультурный ландшафт территории подчёркивает наслоение разнообразных культурных потоков, присутствие местной самобытности и одновременно нахождение в глобальном дискурсе современного искусства. 
",,[1],
Дайте стену,"«ДАЙТЕ СТЕНУ»
Команда художников, стрит-артистов, дизайнеров, модельеров. Мультидисциплинарная
команда. В 2023 году объединились, чтобы вместе создавать крупные паблик-арт
проекты, организовали мастерскую/галерею в центре города Тюмень. Это первое
независимое арт-пространство и одновременно рабочее место, в котором создаётся
библиотека экспериментов в области искусства.
Тюмень
giveusawall.art

«ЧЕТЫРЕ СТОРОНЫ ДОМА»
Дом является первым образом, который воспроизводит человек. Дети в первую очередь рисуют
дом и семью. Каждый из домов уникален своей сутью и наполнением. «Дайте Стену» пытается
олицетворить творческий дом, где каждый — это опора, каждый — стена. Дом — это модель, а
четыре его стороны – это разнообразие. Как 4 стороны света, 4 времени года, 4 времени суток
— полноценное творческое исследование с разных сторон того, что мы видим на улицах города,
о чём читаем в книгах истории. Воссоздаём и одновременно наращиваем новый слой, который
наслаивается нелинейной структурой и нелогичен.

Первая сторона.
Переосмысляя Тюменский дом и Тюменскую резьбу, Александр Кузьмин создаёт наличник,
используя современные техники 3D-печати и резки пластика. Изучив узоры народных мастеров,
которые использовали в своих работах мотивы повседневной жизни, мотивы природы, цветов и
растений, он берёт за основу современную городскую повседневность и переосмысляет разные
стили граффити-шрифтов. В этой вариации наличника раскрывается вариативность сочетания и
разнообразие букв.

Вторая сторона.
Савелий Мельчаков переносит динамизм и цветовую палитру уличного искусства на
ткань, создав самую уютную стену в доме. Похожее на огромное покрывало для детского
шалаша, текстильное панно наполнено простыми понятными для всех сюжетами. Что
делает этот шалаш безопасным, это горшок с цветами, вышитое окно и глядящие на
зрителя глаза, полные интереса.

Третья сторона.
Являясь самым активным исследователем городских закоулков, в поисках поверхностей для
рисования команды, Василий Кирилов вдохновляется архитектурным декором советских
пятиэтажных домов в маленьких дворах в центре города. Популярный строительный материал ХХ
века завораживает своей способностью пропускать свет, он выглядит как световое украшение,
притягивает взгляд ночью. Завороженность этим гениальным строительным материалом, его
прочностью воплощается в несущей стене дома, отсылая нас и к заброшкам, и к бабушкиному
подъезду.

Четвертая сторона.
Тексты являются одним из медиумов, с которыми работает Саша Мельникова. Стена,
которую она создаёт, является квинтессенцией всей инсталляции, она рассказывает
какой на самом деле это хрупкий мир, мир творчества и поиска своего внутреннего.
Особенно сложным является этот поиск, когда он коллективный. Создавая свою сторону
в последнюю очередь, пропустив через себя всю атмосферу и смыслы, заложенные
у сокомандников, Саша пишет тексты, которые аккуратно упаковываются в защитные
воздушные плёнки. Мир нуждается в заботе и бережной транспортировке из одного
слоя в другой, хочется сохранить, уберечь самое хрупкое, спрятать чувства в невидимый
защитный скафандр, дотронутся до сердца своего адресата. 
","«ДАЙТЕ СТЕНУ»
Команда художников, стрит-артистов, дизайнеров, модельеров. Мультидисциплинарная
команда. В 2023 году объединились, чтобы вместе создавать крупные паблик-арт
проекты, организовали мастерскую/галерею в центре города Тюмень. Это первое
независимое арт-пространство и одновременно рабочее место, в котором создаётся
библиотека экспериментов в области искусства.
Тюмень

«ЧЕТЫРЕ СТОРОНЫ ДОМА»
Дом является первым образом, который воспроизводит человек. Дети в первую очередь рисуют
дом и семью. Каждый из домов уникален своей сутью и наполнением. «Дайте Стену» пытается
олицетворить творческий дом, где каждый — это опора, каждый — стена. Дом — это модель, а
четыре его стороны – это разнообразие. Как 4 стороны света, 4 времени года, 4 времени суток
— полноценное творческое исследование с разных сторон того, что мы видим на улицах города,
о чём читаем в книгах истории. Воссоздаём и одновременно наращиваем новый слой, который
наслаивается нелинейной структурой и нелогичен.

Первая сторона.
Переосмысляя Тюменский дом и Тюменскую резьбу, Александр Кузьмин создаёт наличник,
используя современные техники 3D-печати и резки пластика. Изучив узоры народных мастеров,
которые использовали в своих работах мотивы повседневной жизни, мотивы природы, цветов и
растений, он берёт за основу современную городскую повседневность и переосмысляет разные
стили граффити-шрифтов. В этой вариации наличника раскрывается вариативность сочетания и
разнообразие букв.

Вторая сторона.
Савелий Мельчаков переносит динамизм и цветовую палитру уличного искусства на
ткань, создав самую уютную стену в доме. Похожее на огромное покрывало для детского
шалаша, текстильное панно наполнено простыми понятными для всех сюжетами. Что
делает этот шалаш безопасным, это горшок с цветами, вышитое окно и глядящие на
зрителя глаза, полные интереса.

Третья сторона.
Являясь самым активным исследователем городских закоулков, в поисках поверхностей для
рисования команды, Василий Кирилов вдохновляется архитектурным декором советских
пятиэтажных домов в маленьких дворах в центре города. Популярный строительный материал ХХ
века завораживает своей способностью пропускать свет, он выглядит как световое украшение,
притягивает взгляд ночью. Завороженность этим гениальным строительным материалом, его
прочностью воплощается в несущей стене дома, отсылая нас и к заброшкам, и к бабушкиному
подъезду.

Четвертая сторона.
Тексты являются одним из медиумов, с которыми работает Саша Мельникова. Стена,
которую она создаёт, является квинтессенцией всей инсталляции, она рассказывает
какой на самом деле это хрупкий мир, мир творчества и поиска своего внутреннего.
Особенно сложным является этот поиск, когда он коллективный. Создавая свою сторону
в последнюю очередь, пропустив через себя всю атмосферу и смыслы, заложенные
у сокомандников, Саша пишет тексты, которые аккуратно упаковываются в защитные
воздушные плёнки. Мир нуждается в заботе и бережной транспортировке из одного
слоя в другой, хочется сохранить, уберечь самое хрупкое, спрятать чувства в невидимый
защитный скафандр, дотронутся до сердца своего адресата. ",,"[10, 10.1, 10.2, 10.3, 10.4]",
Мельникова,"САША МЕЛЬНИКОВА
Мультисдисциплинарный художник, дизайнер, арт-директор, куратор. Выпускник
школы Родченко и Тюменского Института Дизайна, создаёт инсталляции, живопись,
графику, занимается стритартом, снимаем фото и видео, пишет поэзию. Любит
экспериментировать с материалами. Работает над проектом титановой живописи,
которая выставлялась на персональной выставке по итогам арт-резиденции в г.
Выкса. Участник Красноярской биеннале 2023, спецпроектов 5-й и 6-й Уральской
индустриальной биеннале, проекта NEMOSKVA, фестивалей Арт-Проспект,
Морфология Улиц, Карт-Бланш. Вошла в лонг-лист премии Курёхина в 2023.
","САША МЕЛЬНИКОВА
Мультисдисциплинарный художник, дизайнер, арт-директор, куратор. Выпускник
школы Родченко и Тюменского Института Дизайна, создаёт инсталляции, живопись,
графику, занимается стритартом, снимаем фото и видео, пишет поэзию. Любит
экспериментировать с материалами. Работает над проектом титановой живописи,
которая выставлялась на персональной выставке по итогам арт-резиденции в г.
Выкса. Участник Красноярской биеннале 2023, спецпроектов 5-й и 6-й Уральской
индустриальной биеннале, проекта NEMOSKVA, фестивалей Арт-Проспект,
Морфология Улиц, Карт-Бланш. Вошла в лонг-лист премии Курёхина в 2023.",,"[11.1, 11.2, 11.3, 11.4, 11.5]",
Мельчаков,"САВЕЛИЙ МЕЛЬЧАКОВ
Молодой начинающий модельер, дизайнер и художник. Интересуется абстрактными
образами, исследует формы телесности и текучести, занимается стрит-артом, готовит
первую коллекцию одежды. Объединяя любовь к уличной культуре и швейному делу
Сава создает оригинальные и самобытные произведения.
","САВЕЛИЙ МЕЛЬЧАКОВ
Молодой начинающий модельер, дизайнер и художник. Интересуется абстрактными
образами, исследует формы телесности и текучести, занимается стрит-артом, готовит
первую коллекцию одежды. Объединяя любовь к уличной культуре и швейному делу
Сава создает оригинальные и самобытные произведения.",,"[12.1, 12.2]",
Корсак,"Саша Корсак и Nik Stencil
«Шкаф»
Керамика, фото, видео 
2024
Как много непонятных, ненужных вещей можно найти в старых шкафах? В этом, например, Суклем – глухая сибирская деревня, которая находится в 140 км от Тюмени. Деревенский уклад жизни помогает собирать осколки информации о фольклоре, его образах, а через них понимать отношение наших предков к разным жизненным аспектам. Детские страхи (образы) с возрастом трансформируются – теряют свою конкретную, понятную форму, становясь более сложной конструкцией, основу которой составляет страх быть покинутым, забытым, брошенным. 
Работа является переосмыслением проекта «Ива всё не облетает» (персональная выставка автора в Конторе пароходства, 23 сентября – 12 октября 2023 г.). 
ookmark: _GoBack]
Саша Корсак закончила ТГИК в 2022 г. Она - выпускница кафедры декоративно-прикладного искусства и народных промыслов, направления «Художественная обработка керамики».
Принимала участие в выставке «Синхронизация» арт-группы «Все свои» в 2021 г., в Музейном комплексе им. И.Я. Словцова; в маркете современного искусства «Артчоус» в 2021, 2022, 2023 гг. Саша - победительница грантового конкурса «ЦЕХ» 2023 г., автор выставочного проекта «Ива всё не облетает». Участница фестивалей «Закат» и «Живое-зелёное». 
Работает с керамикой, смешанными материалами. В своих работах обращается к теме локальной идентичности: исследует различные элементы традиционной культуры: сказки, мифы, обрядовые комплексы и предметы быта. Изучает местность, в которой живёт, через материал: работает с фактурами города, окрестных лесов, болот и сёл. Помимо этого, обращается к теме внутреннего мира человека через образы снов, воспоминаний, фантазий, кошмаров.
","Саша Корсак и Nik Stencil
«Шкаф»
Керамика, фото, видео 
2024
Как много непонятных, ненужных вещей можно найти в старых шкафах? В этом, например, Суклем – глухая сибирская деревня, которая находится в 140 км от Тюмени. Деревенский уклад жизни помогает собирать осколки информации о фольклоре, его образах, а через них понимать отношение наших предков к разным жизненным аспектам. Детские страхи (образы) с возрастом трансформируются – теряют свою конкретную, понятную форму, становясь более сложной конструкцией, основу которой составляет страх быть покинутым, забытым, брошенным. 
Работа является переосмыслением проекта «Ива всё не облетает» (персональная выставка автора в Конторе пароходства, 23 сентября – 12 октября 2023 г.). 

ookmark: _GoBack]Саша Корсак работает с керамикой, смешанными материалами. В своих работах обращается к теме локальной идентичности: исследует различные элементы традиционной культуры: сказки, мифы, обрядовые комплексы и предметы быта. Изучает местность, в которой живёт, через материал: работает с фактурами города, окрестных лесов, болот и сёл. Помимо этого, обращается к теме внутреннего мира человека через образы снов, воспоминаний, фантазий, кошмаров.
",,[13],
Хусаинова,"Эльвира Хусаинова 
«Там, только там»

Инсталляция
2024 

Эта работа содержит в себе сразу несколько временных измерений. Каждый объект отражает отдельное выставочное событие со своими процессами, которые остаются невидимыми в рамках инсталляции. Радиус (квотерпайп), чёрно-белая клетка, узор и театральная одежда своей встречей создают общее будущее в новом формате, при этом являясь гиперссылкой в прошлое. 

Как далека эта имитация от реальности происходившего?

Можно ли допрыгнуть до прошлого через декорации, не проткнув их носом Пиноккио?

Этот прыжок предлагается сделать каждому и оказаться там, только там, куда приведёт его фантазия и опыт посещения загаданных событий или его отсутствие.

«Там, только там, только там электрический рассвет и меня как будто нет, па-па-ра-ру-рам».

За возведение радиуса я благодарю человека, которого многие знают под псевдонимом KitKat. Последние семь лет он отдал скейтбордингу.  Он и его друзья занимаются строительством скейтпарков и организацией скейтборд-контестов в Тюмени. За последние несколько лет они построили шесть бетонных скейтпарков и не планируют останавливаться.




Художник, куратор арт-событий и организатор творческого сообщества BUDU (Буду).

Детство автора прошло вдали от цивилизации. Они с семьёй жили на берегу озера Петигуль, в окружении множества других озер, болот и лесов. Это место силы и первозданности, где человек сливается с воздухом, водой и растениями. 
Художница не ограничивается одной техникой или материалом. Имеет опыт работы с графикой, живописью, цифровым искусством, вышивкой, лепкой, отливом из пластика и смешанной техникой, а также соучастными художественными практиками и перформансом.


Участница выставок: выставка независимого творчества «ОНО» 2015 год, выставка инсталляции и перформанса «Ш» 2016 год, выставка жизни и смерти «LOOP» 2017 год, «СТЕНА» 2017 - 2019 годы.

","Эльвира Хусаинова 
«Там, только там»

Инсталляция
2024 

Эта работа содержит в себе сразу несколько временных измерений. Каждый объект отражает отдельное выставочное событие со своими процессами, которые остаются невидимыми в рамках инсталляции. Радиус (квотерпайп), чёрно-белая клетка, узор и театральная одежда своей встречей создают общее будущее в новом формате, при этом являясь гиперссылкой в прошлое. 

Как далека эта имитация от реальности происходившего?

Можно ли допрыгнуть до прошлого через декорации, не проткнув их носом Пиноккио?

Этот прыжок предлагается сделать каждому и оказаться там, только там, куда приведёт его фантазия и опыт посещения загаданных событий или его отсутствие.

«Там, только там, только там электрический рассвет и меня как будто нет, па-па-ра-ру-рам».

За возведение радиуса я благодарю человека, которого многие знают под псевдонимом KitKat. Последние семь лет он отдал скейтбордингу.  Он и его друзья занимаются строительством скейтпарков и организацией скейтборд-контестов в Тюмени. За последние несколько лет они построили шесть бетонных скейтпарков и не планируют останавливаться.
",,"[14.1, 14.2, 14.3]",
Васильева,"Анастасия Васильева
«Тюмень – столица деревень»
Графика
2024
Взгляд тюменки на современные реалии города: синергию природы и архитектуры – нерукотворного и рукотворного.
Фраза «Тюмень – столица деревень» на футболке у девушки отсылает к современному веянию в моде – использованию местного фольклора, популяризации родного края и его особенностей. За спиной у девушки ком из архитектуры разных времён и её особенностей, ставших символами локальной идентичности. 

Художница и дизайнер, чьи работы представлены в разных городских пространствах. В 2015 г. создаёт работы в авторской технике «Нити чернил» с использованием шариковой ручки. Её работы составляются из фрагментов бытия, пронизанных природными мотивами, меланхоличными образами, а также карикатурными иллюстрациями различных эмоций и событийных сюжетов. Она вдохновляется творением природы и радостью жизни, которые всегда находятся прямо перед нами в нашей повседневности. 


Анастасия Васильева
«Лик рода» 
Графика 
2021
Из сложного родового лика каждого человека мы рождаем культуру.
Анастасия из многонациональной семьи. Взрослея, она любила стоять у зеркала и разглядывать своё лицо. Иногда Анастасия пыталась практиковать медитацию, глядя в зеркало. В отражении обнаруживала и папу, и его братьев, и маму, и её отца, и бабушку. Анастасия видит в своем лице не только себя, считает, что оно изменчиво. Жизнь и её проявления для Анастасии непостоянны, как и ее лицо, наблюдение за ним. В лице множество масок, отпечатков не только времени и ситуаций жизни художницы, но и жизни других. Для Анастасии Васильевой невозможно определить лицо чем-то одним: она видит многогранные образы и частицы своего рода. Семья художницы запечатана в ее лике. Такова была идея картины «Лик рода». Анастасии хотелось передать перетекание частиц одного и того же лица. И остановиться на одном холсте для нее нельзя: идея картины кажется практически бесконечной. 
Художница и дизайнер, чьи работы представлены в разных городских пространствах. В 2015 г. создаёт работы в авторской технике «Нити чернил» с использованием шариковой ручки. Её работы составляются из фрагментов бытия, пронизанных природными мотивами, меланхоличными образами, а также карикатурными иллюстрациями различных эмоций и событийных сюжетов. Она вдохновляется творением природы и радостью жизни, которые всегда находятся прямо перед нами в нашей повседневности.



Анастасия Васильева
«Исток» 
Графика
2020-2024

Развитие технологий уводит человека от природы, но на действие всегда есть противодействие, и в этом смысле человек начинает всё больше к ней стремиться. Картина олицетворяет неразрывную связь человека с природой и подчёркивает его естественное происхождение.
Художница и дизайнер, чьи работы представлены в разных городских пространствах. В 2015 г. создаёт работы в авторской технике «Нити чернил» с использованием шариковой ручки. Её работы составляются из фрагментов бытия, пронизанных природными мотивами, меланхоличными образами, а также карикатурными иллюстрациями различных эмоций и событийных сюжетов. Она вдохновляется творением природы и радостью жизни, которые всегда находятся прямо перед нами в нашей повседневности. 
ookmark: _GoBack]



","Анастасия Васильева
«Тюмень – столица деревень»
Графика
2024
Взгляд тюменки на современные реалии города: синергию природы и архитектуры – нерукотворного и рукотворного.
Фраза «Тюмень – столица деревень» на футболке у девушки отсылает к современному веянию в моде – использованию местного фольклора, популяризации родного края и его особенностей. За спиной у девушки ком из архитектуры разных времён и её особенностей, ставших символами локальной идентичности. 

Анастасия Васильева
«Лик рода» 
Графика 
2021
Из сложного родового лика каждого человека мы рождаем культуру.
Анастасия из многонациональной семьи. Взрослея, она любила стоять у зеркала и разглядывать своё лицо. Иногда Анастасия пыталась практиковать медитацию, глядя в зеркало. В отражении обнаруживала и папу, и его братьев, и маму, и её отца, и бабушку. Анастасия видит в своем лице не только себя, считает, что оно изменчиво. Жизнь и её проявления для Анастасии непостоянны, как и ее лицо, наблюдение за ним. В лице множество масок, отпечатков не только времени и ситуаций жизни художницы, но и жизни других. Для Анастасии Васильевой невозможно определить лицо чем-то одним: она видит многогранные образы и частицы своего рода. Семья художницы запечатана в ее лике. Такова была идея картины «Лик рода». Анастасии хотелось передать перетекание частиц одного и того же лица. И остановиться на одном холсте для нее нельзя: идея картины кажется практически бесконечной. 


Анастасия Васильева
«Исток» 
Графика
2020-2024

Развитие технологий уводит человека от природы, но на действие всегда есть противодействие, и в этом смысле человек начинает всё больше к ней стремиться. Картина олицетворяет неразрывную связь человека с природой и подчёркивает его естественное происхождение.
ookmark: _GoBack]Художница и дизайнер, чьи работы представлены в разных городских пространствах. В 2015 г. создаёт работы в авторской технике «Нити чернил» с использованием шариковой ручки. Её работы составляются из фрагментов бытия, пронизанных природными мотивами, меланхоличными образами, а также карикатурными иллюстрациями различных эмоций и событийных сюжетов. Она вдохновляется творением природы и радостью жизни, которые всегда находятся прямо перед нами в нашей повседневности. 
",,[15],
Чикерева,"Екатерина Чикерева
Триптих «Стена как носитель информации»
Графика 
2024
     
В триптихе отражается чёткое и уже понятное начало, переход и неясное будущее.
Центральная работа собирает воедино два периода в одну плоскость в виде стены или фасада.
Это наше прошлое, архаика, наследие и известная культура (в виде архитектурных элементов) и будущее, неизвестное, но которое можно спрогнозировать, захватывая все предыдущие периоды. Возможно, что это утопия и великая загадка, а возможно, что нет. 

Екатерина выпускница филиала Уральской архитектурно-художественной Академии по специальности «Дизайн среды» в 2012 г.
Работает дизайнером интерьеров. 
С 2017 г. является членом Международной ассоциации изобразительных искусств при ЮНЕСКО и ВТОО Союз художников России (Тюменское отделение). 
Работает преимущественно с графическими материалами, инструментами в зависимости от идеи, замысла. Её проекты и картины выражают большую тягу к путешествиям, знакомству с новыми местами, художница собирает обобщённый образ от увиденного в едином пространстве.

","Екатерина Чикерева
Триптих «Стена как носитель информации»
Графика 
2024
В триптихе отражается чёткое и уже понятное начало, переход и неясное будущее.
Центральная работа собирает воедино два периода в одну плоскость в виде стены или фасада.
Это наше прошлое, архаика, наследие и известная культура (в виде архитектурных элементов) и будущее, неизвестное, но которое можно спрогнозировать, захватывая все предыдущие периоды. Возможно, что это утопия и великая загадка, а возможно, что нет. 
",,[16],
Овчинникова,"Евгения Овчинникова
«Портал»
Графика
2024

Структура «Портала» подобна годичным кольцам на пне. Внутри него собраны образы духов из мифов сибирских татар, ханты и манси; растительный мир области; архитектура ХХ века; нефтяные разводы. Глитч по краям среза отражает ещё только развивающуюся эпоху цифровизации, а что будет дальше, пока не известно.
Триптих поделён на составляющие: лес, болото, город. У каждой части есть свой покровитель. Шурале - дух леса татарской мифологии, он сбивает идущих по лесу людей и заманивает вглубь. Албасты - хозяйка болот из мифологии сибирских татар. В последней части в чаще города обитают пупыги - покровители людей, духи предков из мансийской мифологии.

«Портал» предлагает зрителям окунуться в местную идентичность,
поразмышлять о нашем пути - кто мы, откуда и куда движемся?
в 2023 году закончила Тюменский институт культуры по специальности художник анимации. Помимо анимации занимается иллюстрацией, графикой и живописью.
2019 год - дважды победитель международного конкурса «Минута для будущего», г. Иркутск;
2020 год - победитель на фестивале социальной рекламы «Выбери жизни», г. Екатеринбург;
2023 год - победитель XXV Юбилейного Всероссийского фестиваля дизайна, архитектуры, искусств «КТО? - МЫ!», г. Тюмень.
","Евгения Овчинникова
«Портал»
Графика
2024

Структура «Портала» подобна годичным кольцам на пне. Внутри него собраны образы духов из мифов сибирских татар, ханты и манси; растительный мир области; архитектура ХХ века; нефтяные разводы. Глитч по краям среза отражает ещё только развивающуюся эпоху цифровизации, а что будет дальше, пока не известно.
Триптих поделён на составляющие: лес, болото, город. У каждой части есть свой покровитель. Шурале - дух леса татарской мифологии, он сбивает идущих по лесу людей и заманивает вглубь. Албасты - хозяйка болот из мифологии сибирских татар. В последней части в чаще города обитают пупыги - покровители людей, духи предков из мансийской мифологии.

«Портал» предлагает зрителям окунуться в местную идентичность,
поразмышлять о нашем пути - кто мы, откуда и куда движемся?",,[17],
Плеханов,"Никита Плеханов
«Зеркало Истины»

Медиа-арт, стекло, металл
2024


Портал отражает эхо забытых измерений, он способен открывать двери во времени – к событиям, которые не стёрлись из памяти мира, но и не обрели полноценной реальности. 


Современный российский мультимедиа-художник, мультипликатор и электрический музыкант стиля бип-буп. Участник флюидной арт-группы «Космическая корова», лаборатории симультанного перформанса SIMV_lab.

Участник 6-й индустриальной биеннале современного искусства, фестивалей комиксов Comic Arts Tyumen, арт-резиденций «Закат» и «Вход здесь», выставки «В Закудесье» в галерее «Ветерок».

В своём искусстве Никита обращается к цифровому, органическому, съедобному, волшебному и странному.

Работает с движущимся изображением, звуком и широким спектром возможностей цифровых и аналоговых медиа.

Создаёт цифровые и физические интерактивные пространства для взаимодействия со зрителем.
","Никита Плеханов
«Зеркало Истины»

Медиа-арт, стекло, металл
2024


Портал отражает эхо забытых измерений, он способен открывать двери во времени – к событиям, которые не стёрлись из памяти мира, но и не обрели полноценной реальности. 


Современный российский мультимедиа-художник, мультипликатор и электрический музыкант стиля бип-буп. Участник флюидной арт-группы «Космическая корова», лаборатории симультанного перформанса SIMV_lab.

Участник 6-й индустриальной биеннале современного искусства, фестивалей комиксов Comic Arts Tyumen, арт-резиденций «Закат» и «Вход здесь», выставки «В Закудесье» в галерее «Ветерок».

В своём искусстве Никита обращается к цифровому, органическому, съедобному, волшебному и странному.

Работает с движущимся изображением, звуком и широким спектром возможностей цифровых и аналоговых медиа.

ookmark: _GoBack]Создаёт цифровые и физические интерактивные пространства для взаимодействия со зрителем.
",,[18],
Бабина,"Кристина Бабина
«Свет мой, зеркальце, скажи…»
Пряжа, дерево
2024
Глаза – зеркало души. Зеркало – беспристрастный рассказчик. В нём отражается всё как есть, без преувеличений и преуменьшений. Оно не покажет чужого или ложного. Имея смелость взглянуть, можно увидеть свою истинную природу – природу творца.
«Меня привлекают в материале следы жизни и смерти, роста и распада. Люблю фактуру. Люблю ""контакт"" с поверхностью. Люблю потёртости, царапины, вмятины, рваный край и при этом чёткие линии и формы тоже. Всё, что «звучит», содержит информацию, имеет структуру, а значит, имеет свою историю и может её рассказать, а я послушать. Особая любовь – ржавое железо. Смесь холодного и жёсткого прошлого и зыбкого тлеющего будущего». 
Родилась в 1986 г. в городе Тюмени. 
В 2001 г. окончила детскую художественную школу им. А.П. Митинского г. Тюмени.
В 2004 г. окончила Тюменский государственный колледж профессионально-педагогических технологий, профессия «портной».
В 2009 г. окончила Тюменский государственный нефтегазовый университет по специальности «Инженер по проектированию текстильных изделий».
В студенческие и школьные годы активно участвовала в творческой, общественной и научной жизни учебного заведения, в организации и проведении мероприятий. Руководила Театром Моды. Организовала творческую мастерскую. Участвовала в региональных, российских и международных конкурсах модельеров.
В 2009 г., после окончания института, устроилась на работу художником-модельером и педагогом дополнительного образования, через несколько лет возглавила отдел художественно-творческой деятельности.
В период с 2018 по 2021 гг. получала образование и развивалась в области визуальных видов искусства, участвовала в различных конкурсах, выставках и фестивалях.
В 2022 г. организовала сообщество тюменских коллажистов «Коллаж-бэнд» и регулярно проводит встречи.
Постоянно пробует что-то новое: художественные направления, различные материалы и техники, ищет наиболее подходящие для выражения конкретной идеи. Работает на стыке различных медиа. Исследует тему чувствительности, контакта с внутренним и внешним миром.
Основные направления деятельности: скульптура, треш-арт, коллаж, ручное ткачество, Тюменская роспись, книга художника, иллюстрация.

Резиденции:
2022 - Временная Арт-резиденция «Вход здесь», г. Тюмень;
2021 - 2022 - Летняя арт-резиденция на Островах Ершовых, г. Касли;
2024 - Арт-резиденция «Древо», Библиотека и арт-резиденция «ШКАФ», г. Санкт-Петербург.

Персональные выставки:
2023 - Выставка «Кусочки нетленной души», Проект квартирных галерей «По домам», г. Тюмень;
2023 - Выставка «Моя оттепель», Загородный сад, г. Тюмень.

Избранные групповые выставки и конкурсы:
2024 - Выставка паблик-арта «А море внутри», Молодежный театральный центр «Космос», г. Тюмень;
2024 - Выставка «Древо», Библиотека и арт-резиденция «ШКАФ», г. Санкт-Петербург;
2023 - II Карельская биеннале изобразительного искусства «Энергетика сдержанности», Музей изобразительных искусств РК, г. Петрозаводск;
2023 - Выставка «Идите на свет», Гараж современного искусства «Гараж», г. Лобня;
2023 - Выставка в рамках Городского ландшафтного фестиваля искусств «Ключ», г. Тюмень;
2023 - Первая выставка локальных художников, Онлайн-галерея современного искусства «Золото-Болото»;
2023 - Выставка «Тюменский красильщик», Музей-заповедник деревянного зодчества и народного искусства, с. Нижняя Синячиха;
2023 - Выставка коллажей в рамках XX Международного фестиваля Jazz Dance Open Консерватория, Чехия, г. Пардубице;
2023 - Выставка «Жердёла», Художественная галерея «Ростов», г. Ростов-на-Дону;
2023 - Выставка «Мистерия-БУМ», Музей истории камнерезного и ювелирного искусства, г. Екатеринбург;
2023 - Выставка «Три миллиарда ватт», Галерея «Space Place», г. Нижний Тагил;
2023 - Фестиваль «Аленький цветочек», Здание Екатерининского общественного собрания, г. Санкт-Петербург;
2023 - XI ежегодный Фестиваль изящных искусств «RAKFAF», Галерея наследия Аль-Джазиры,  ОАЭ, г. Рас-Аль-Хайма;
2022 - Выставка - фестиваль современного искусства «ЖИВОЕ – ЗЕЛЁНОЕ», «Алебашевский базар», г. Тюмень;
2021 - Выставка «Без обид» на Фестивале городской культуры ЗАКАТ, Речпорт, г. Тюмень;
2018 - Региональный конкурс профессионального мастерства «Славим человека труда!» Музейный комплекс им. И.Я. Словцова, г. Тюмень;
2018 – «ПОРТФОЛИО-РЕВЮ», Мультицентр «Моя территория», г. Тобольск;
2018 - Конкурс иллюстраций национального выставочного проекта «Шукшин. Палитра героя», г. Москва;
2006 - VI международный конкурс «Русский силуэт» │ Концертный зал «Золотые ворота Сибири» г. Тюмень.
","Кристина Бабина
«Свет мой, зеркальце, скажи…»
Пряжа, дерево
2024
Глаза – зеркало души. Зеркало – беспристрастный рассказчик. В нём отражается всё как есть, без преувеличений и преуменьшений. Оно не покажет чужого или ложного. Имея смелость взглянуть, можно увидеть свою истинную природу – природу творца.
«Меня привлекают в материале следы жизни и смерти, роста и распада. Люблю фактуру. Люблю ""контакт"" с поверхностью. Люблю потёртости, царапины, вмятины, рваный край и при этом чёткие линии и формы тоже. Всё, что «звучит», содержит информацию, имеет структуру, а значит, имеет свою историю и может её рассказать, а я послушать. Особая любовь – ржавое железо. Смесь холодного и жёсткого прошлого и зыбкого тлеющего будущего». 
",,[19],
Миллер,"Юлия Эдуардовна  
«Наследили»

Инсталляция 
Материалы: пенокартон, зеркальная пленка, маркер, витражная пленка
2024 
Увиденные в ходе экскурсии по музейным фондам фактуры вдохновили на создание триптиха, посвящённого тюменским осадкам — будь то дождь, снег, град или лёд, а также осыпавшаяся с деревянных памятников краска и дерево. Смысл работы заключается в зеркальной пленке, в которой можно увидеть своё отражение, словно смотря в застывшую лужу, в которую так и хочется залезть ногой, чтобы услышать приятный хруст, напоминающий о детстве. Световая инсталляция взаимодействует с триптихом, переливаясь красками и погружая зрителя в яркие воспоминания и приятные ассоциации, когда все ловили солнечных зайчиков или искали радугу в небе после дождя.

Художница, преподаватель первой категории, участница арт-резиденции «Закат» и творческого объединения СПКТР, создательница и главный редактор газеты об искусстве Тюмени «Вы», организатор школы арт-журналистики 2.0, приглашенный спикер областного форума специалистов культуры и искусства Тюмени, победитель молодежной лидерской премии в 2023 году.

Диплом за личный вклад в современное искусство Тюменской области от Заместителя Губернатора Тюменской области О.А. Кузнечевских.

Участие в проектах и выставках:

- Победитель конкурса креаторов по созданию AR объекта от W3rlds, 2024 г.;
- Участник образовательной программы академии творческих индустрий «Меганом», 2024 г.;
- Финалист конкурса «Москва. Тренды», Культурный центр ЗИЛ и SAS Metagallery, 2023 г.;
- Конкурс «Атомик Арт» от Росатома, 2023 г. (работа находится в новом павильоне «Атом» на ВДНХ);
- Образовательный заезд «Наука как искусство», Таврида. Арт, 2023 г.;
- Выставка в «Ночь конторы», Тюмень, 2023 г.;
- Проект SONDER Zine, Тюмень, 2022 г.;
- Проект локальных художников LAN:СЛОИ, Тюмень 2022 г.; 
- Резиденция «Закат’21», Тюмень 2021 г.;
- Выставка «Все свои», Музейный комплекс им. И.Я. Словцова, Тюмень 2020 г.;
- Международная выставка «А4», диплом «За инновационные подходы в технике», 2018 г.;
- Выставка союза художников «Творчество молодых», 2018 г.;
- Выставка «Арт-грейд», г. Тобольск, 2017 г.;
- Выставка «Маршруты города Т», г. Тюмень, 2016 г.;
- Выставка «Глаза», г. Тюмень, 2016 г.






","Юлия Эдуардовна  
«Наследили»

Инсталляция 
Материалы: пенокартон, зеркальная пленка, маркер, витражная пленка
2024 
Увиденные в ходе экскурсии по музейным фондам фактуры вдохновили на создание триптиха, посвящённого тюменским осадкам — будь то дождь, снег, град или лёд, а также осыпавшаяся с деревянных памятников краска и дерево. Смысл работы заключается в зеркальной пленке, в которой можно увидеть своё отражение, словно смотря в застывшую лужу, в которую так и хочется залезть ногой, чтобы услышать приятный хруст, напоминающий о детстве. Световая инсталляция взаимодействует с триптихом, переливаясь красками и погружая зрителя в яркие воспоминания и приятные ассоциации, когда все ловили солнечных зайчиков или искали радугу в небе после дождя.

Художница, преподаватель первой категории, участница арт-резиденции «Закат» и творческого объединения СПКТР, создательница и главный редактор газеты об искусстве Тюмени «Вы», организатор школы арт-журналистики 2.0, приглашенный спикер областного форума специалистов культуры и искусства Тюмени, победитель молодежной лидерской премии в 2023 году.
ookmark: _GoBack]





",,[2],
Баданова,"Ксения Баданова
«Портал»
Видео-арт
2024
В оконном проёме деревянного наличника оживают силуэты, они проявляются на грани забвения и воспоминаний, превращаясь в абстрактные пятна времени. Мы видим проекцию купеческой семьи XIX в., которая, теряясь в круговороте прошлого и настоящего, обретает эфемерные формы и цвета, растекающиеся, как исчезающие сны. В одном из фрагментов мы видим мальчика, прислоняющего ладонь к стеклу, пробивая «четвёртую стену», он закрыл глаза, о чём-то мечтая, надеясь, и эта просьба обращена в будущее, в то, в котором мы сейчас или в то, каким оно может стать, если мы воспримем его послание. 
Получила высшее образование в ТГИК по направлению «Графика». Художник анимации и компьютерной графики, работает с 3D-, 2D-графикой, нейросетями. Преподаёт в Тюменском государственном институте культуры (ТГИК) и Херсонском техническом университете (ХТУ).
Резидент Тавриды. 

Финалист опен-колла для диджитал-художников «PAF: Все цветы» от Яндекс тВ Станции и Севкабель Порт, 2024

Участник выставки на VK Fest, Санкт-Петербург, 2024

Финалист 10 потока VK Простор Медиаарт. Участник выставки «Граффити 3024:
Искусство будущего в городах», Lumion, Санкт-Петербург, 2024

Финалист опен-колла DECIPRALAND. (RE)VISIONS. Переосмысляя фиджитал эстетику.
ЦИПР, Нижний Новгород, 2024

Финалист Open call for digital creators. Theatre of Digital Art, Дубай, ОАЭ, 2023

Финалист конкурса «Москва. Тренды», Культурный центр ЗИЛ и SAS Metagallery, 2023г.

Участник выставки в павильоне «Цифровое искусство» на «Российской креативной
неделе в Москве», 2023

Публикация в дайджесте журнала The Voice (ex-Cosmopolitan), 2023

Победитель марафона «Простор» от VK, фестиваль «Outline». Дубна, 2023

Победитель опен-колла Sxema x Repeat, выставка в «Суперметалле», Москва, 2023

Участник выставки на тему «Trash&Beauty» в рамках проекта «Ночь Конторы»,
организованного при поддержке Всероссийской «Ночи музеев». Тюмень, май 2023.

Шорт-лист 100 художников фестиваля медиаискусства «НУР». Казань, май 2023

Победитель опен-колла 3 выпуска журнала «Sonder», июнь 2023
","Ксения Баданова
«Портал»
Видео-арт
2024
В оконном проёме деревянного наличника оживают силуэты, они проявляются на грани забвения и воспоминаний, превращаясь в абстрактные пятна времени. Мы видим проекцию купеческой семьи XIX в., которая, теряясь в круговороте прошлого и настоящего, обретает эфемерные формы и цвета, растекающиеся, как исчезающие сны. В одном из фрагментов мы видим мальчика, прислоняющего ладонь к стеклу, пробивая «четвёртую стену», он закрыл глаза, о чём-то мечтая, надеясь, и эта просьба обращена в будущее, в то, в котором мы сейчас или в то, каким оно может стать, если мы воспримем его послание. 
",,[20],
Проводенко_Монолит,"Евгений Проводенко 
«Монолит»
Техника: глитч-арт
2024
Видео-арт с улицами Тюмени. Ежедневно преодолевая маршруты из точки А в точку Б, мы выжигаем на задворках своего подсознания отображаемые образы огней и фасадов, пешеходов и перекрёстков города. Процесс выжигания укоренён в нашей психике, как гигантский монолит, сопровождающий нас на протяжении жизни. 
Евгений Проводенко – медиахудожник, резидент сообщества Тюменских музыкантов\визуализаторов SONMMUSIC.

Арт-объект «Из космоса в космос» художника был представлен на выставке «Все свои – синхронизация» 2021 года. 

","Евгений Проводенко 
«Монолит»
Техника: глитч-арт
2024
Видео-арт с улицами Тюмени. Ежедневно преодолевая маршруты из точки А в точку Б, мы выжигаем на задворках своего подсознания отображаемые образы огней и фасадов, пешеходов и перекрёстков города. Процесс выжигания укоренён в нашей психике, как гигантский монолит, сопровождающий нас на протяжении жизни. ",,[21.1],
Проводенко_Время_в_руках,"Евгений Проводенко 
«Время в руках»
Техника: цифровое коллажирование на панораме
2024
Сферический срез слияния времён Тюмени на основе слоёв архивного исторического прошлого, реального панорамного настоящего и выдуманного генеративными нейросетями вероятного будущего. Переливы голографической пленки в объекте символизируют ключевую незримую материю времени и подчеркивают субъективное отношение человека к его восприятию в воспоминаниях.
Евгений Проводенко – медиахудожник, резидент сообщества Тюменских музыкантов\визуализаторов SONMMUSIC.
Арт-объект «Из космоса в космос» художника был представлен на выставке «Все свои – синхронизация» 2021 года. 
","Евгений Проводенко 
«Время в руках»
Техника: цифровое коллажирование на панораме
2024
Сферический срез слияния времён Тюмени на основе слоёв архивного исторического прошлого, реального панорамного настоящего и выдуманного генеративными нейросетями вероятного будущего. Переливы голографической пленки в объекте символизируют ключевую незримую материю времени и подчеркивают субъективное отношение человека к его восприятию в воспоминаниях. 
",,[21.2],
Кириллов,"ВАСИЛИЙ КИРИЛЛОВ
Выпускник ТГУ, молодой художник живописец, изучает и работает с различными
печатными техниками, керамикой, создаёт иллюстрации, эскизы к татуировкам,
занимается стрит-артом.
","ВАСИЛИЙ КИРИЛЛОВ
Выпускник ТГУ, молодой художник живописец, изучает и работает с различными
печатными техниками, керамикой, создаёт иллюстрации, эскизы к татуировкам,
занимается стрит-артом.",,"[22, 22.1, 22.2]",
Кузьмин,"АЛЕКСАНДР КУЗЬМИН
Мультидисциплинарный художник, дизайнер. Создаёт каллиграфические и шрифтовые
композиции, живописные freestyle полотна, экспериментирует с форматами,
материалами и фактурой. Исследует современные возможности шрифта и типографики
в городской среде.
","АЛЕКСАНДР КУЗЬМИН
Мультидисциплинарный художник, дизайнер. Создаёт каллиграфические и шрифтовые
композиции, живописные freestyle полотна, экспериментирует с форматами,
материалами и фактурой. Исследует современные возможности шрифта и типографики
в городской среде.",,[23],
Росляков,"Константин Росляков  «Генератор идей»  Глубокие медиа, электронные компоненты   Инсталляция 2024   Основой для развития культуры является процесс генерации идей – персональный или коллективный, не имеет значения. В быстром современном мире и многообразии всевозможных референсов поток идей иногда зашкаливает, и приходится выбирать и останавливаться на избранных и одобряемых задумках. Конечно, реальность после воплощения разных идей не имеет одинакового проявления – разные идеи скрывают за собой отличающиеся вещественные данности мышления. У кого-то это более сложные структуры, у кого-то простые. Однако одно из одинаковых свойств идей – это их лёгкая и непринуждённая способность забываться.  Идеи появляются и исчезают. Можем ли мы представить пространство, где они обитают, когда забываются? Интересно представить такое место, аналогичное бескрайнему архиву или библиотеке, где каждая забытая идея хранится в виде светящегося свитка или эфемерного облака, дрейфующего между полками и коридорами этого необычного хранилища.   Это место, невидимое для глаза, доступно только в особых моментах вдохновения, когда человеческий разум случайно находит потерянный ключ или прослеживает невидимую нить, ведущую к одному из этих светящихся фрагментов.  В этом мистическом пространстве, возможно, существуют хранители – эфирные существа или автоматы, обеспечивающие порядок и сохранность идей. Они, возможно, обновляют устаревшие концепции и иногда, случайно или умышленно, отправляют их обратно в мир людей через мгновения озарения. Эти идеи, находясь в таком архиве, могут соединяться друг с другом, создавая новые, ещё не изведанные концепции.  Такое взаимодействие приводит к тому, что, возвращаясь в мир реальный, они уже не такие, когда были забыты; они трансформированы, обогащены, готовы вновь влиять на ход человеческой мысли.  ookmark: _GoBack]Инсталляция создана в жанре глубоких медиа (deep media) в стиле soviet wave с элементами хонтологии и аллегорического искусства. Вбирает в себя аудио, видео и объектную документацию по итогам посещения территории бывшей ракетной станции «Долина», расположенной в 40 км от Тюмени. Внешний вид сохранившихся помещений отсылает к фильмам Андрея Тарковского (Сталкер, Зеркало), фильмам Кончаловского (Сибириада), заброшенным научно-исследовательским институтам и первобытным менгирам, показанным через долгий медитативный статический кадр. Аудиально инсталляция наполнена полевыми записями и записью резонаций некоторых помещений станции. Созданный и размещённый как бы в центре экспозиции объект отсылает к советской фантастике («Гиперболоид инженера Гарина» Толстой, «Маркун» Платонов) и  советской психотронике.  Инсталляция аллегорически демонстрирует пространство существования забытых эйдосов или идей, а также аппарат – генератор идей, который фильтрует и перерабатывает забытые идеи и выпускает их на волю. ","Константин Росляков 
«Генератор идей» 
Глубокие медиа, электронные компоненты 

Инсталляция
2024


Основой для развития культуры является процесс генерации идей – персональный или коллективный, не имеет значения. В быстром современном мире и многообразии всевозможных референсов поток идей иногда зашкаливает, и приходится выбирать и останавливаться на избранных и одобряемых задумках. Конечно, реальность после воплощения разных идей не имеет одинакового проявления – разные идеи скрывают за собой отличающиеся вещественные данности мышления. У кого-то это более сложные структуры, у кого-то простые. Однако одно из одинаковых свойств идей – это их лёгкая и непринуждённая способность забываться.

Идеи появляются и исчезают. Можем ли мы представить пространство, где они обитают, когда забываются? Интересно представить такое место, аналогичное бескрайнему архиву или библиотеке, где каждая забытая идея хранится в виде светящегося свитка или эфемерного облака, дрейфующего между полками и коридорами этого необычного хранилища. 

Это место, невидимое для глаза, доступно только в особых моментах вдохновения, когда человеческий разум случайно находит потерянный ключ или прослеживает невидимую нить, ведущую к одному из этих светящихся
фрагментов.

В этом мистическом пространстве, возможно, существуют хранители – эфирные существа или автоматы, обеспечивающие порядок и сохранность идей. Они, возможно, обновляют устаревшие концепции и иногда, случайно или умышленно, отправляют их обратно в мир людей через мгновения озарения. Эти идеи, находясь в таком архиве, могут соединяться друг с другом, создавая новые, ещё не изведанные концепции.

Такое взаимодействие приводит к тому, что, возвращаясь в мир реальный, они уже не такие, когда были забыты; они трансформированы, обогащены, готовы вновь влиять на ход человеческой мысли.

ookmark: _GoBack]Инсталляция создана в жанре глубоких медиа (deep media) в стиле soviet wave с элементами хонтологии и аллегорического искусства. Вбирает в себя аудио, видео и объектную документацию по итогам посещения территории бывшей ракетной станции «Долина», расположенной в 40 км от Тюмени. Внешний вид сохранившихся помещений отсылает к фильмам Андрея Тарковского (Сталкер, Зеркало), фильмам Кончаловского (Сибириада), заброшенным научно-исследовательским институтам и первобытным менгирам, показанным через долгий медитативный статический кадр. Аудиально инсталляция наполнена полевыми записями и записью резонаций некоторых помещений станции.
Созданный и размещённый как бы в центре экспозиции объект отсылает к советской фантастике («Гиперболоид инженера Гарина» Толстой, «Маркун» Платонов) и  советской психотронике.

Инсталляция аллегорически демонстрирует пространство существования забытых эйдосов или идей, а также аппарат – генератор идей, который фильтрует и перерабатывает забытые идеи и выпускает их на волю.
",,[24],
Ладная,«Генератор идей» ,"Лада Ладная
«Чего не знаю»
Инсталляция, вода из реки Тура
2024

Живые существа перед встречей с неизвестным сжимаются, до смерти боясь того, что их ждет. В результате животное, а тем более человек - не способны ни адекватно оценить, ни осознать происходящее. А вот само сознание не боится неизвестности, за которой скрывается нечто. Например - как бы заглянуть туда, где можно пережить вечность, не имея никакой возможности выйти за пределы опыта, если она и существует в чем-то другом. Мы больше всего боимся неизвестной пустоты, которой нас так щедро угощает пространство. Сознание - и есть тот шанс, который мы имеем каждый день, каждый час и каждую секунду, которое так или иначе находит свое выражение в опыте, который мы называем реальностью.

Поэтому Лада предложила Туре создать объекты из металла, которые было невозможно контролировать. А также возможность пережить неизвестность в контролируемом пространстве, так называемую точку невозврата, что важно для профилактики синдрома Альцгеймера.
Лада Ладная - художница и перформерка. В своем искусстве придерживается сайт-специфик практик, соединяя их с иммерсивностью и мистификациями.

Участница арт группы НИИ Собачьих дел.",,[25],
Долгих,"Глубокие медиа, электронные компоненты ","Артём Долгих
«Минимальная монументальность малых форм деятельности»
2024
Добывать ресурсы из запасов недр или доставать впечатления, хранимые в глубине памяти. Заниматься доставкой, как стойкий оловянный солдатик, невзирая на всё, что происходит вокруг.  Или ожидать в комфорте, растягивая время и пространство. Открывать и переоткрывать новые-старые места, монументально впечатывать момент в ткань пространства, ностальгируя по временам простого и тёплого детства.
Человек, взаимодействуя с привычными предметами и окружением, часто ощущает особую приятность просто быть собой в этом мире. Этот момент переплетения повседневности с чувством удовлетворения и гармонии можно назвать эстетически-метафизическим началом. Ведь именно в том, как мы используем и воспринимаем привычные вещи, кроется уникальная возможность ощутить укоренённость в мире и развить навык красивого обращения с ними.
Эстетическое восприятие привычных вещей может быть интерпретировано как укоренённость человека в своём бытии и культуре. Когда мы взаимодействуем с обычными предметами, это создаёт ощущение присутствия, понимания и связи с миром вокруг нас. Навык красиво пользоваться привычными вещами также играет важную роль – способность придать им новый смысл, создать гармонию и красоту в повседневных действиях.
Привычное становится не просто рутиной, а эстетической категорией, которая выражает глубокие метафизические аспекты нашего бытия. Мы начинаем видеть привычные вещи не как просто объекты использования, а как символы, несущие в себе определённый смысл и энергию. Это помогает нам лучше понять себя и окружающий мир, создавая гармонию между внутренним и внешним.

",,[26],
Молоков,,"Евгений Молоков
«Точка опоры» 
Техника: холст, масло
2024
«В вечной турбулентности найти эффективную точку опоры необходимо. Мгновение её выбора задаёт дальнейший вектор движения и грядущие трансформации. Воля к принятию решений в этой якобы паузе – самоидентификация, определяющая тебя в дальнейшем через действия в моменте. Точность решения обозначит только твой метод, который и есть точка опоры для последующих перемен.»
",,[27],
Шилина,Инсталляция,"Кристина Шилина
Серия «Север»
«Звезда»
Ткань, искусственная кожа, бусины, клей, нитки
2024

«Ель»
Ткань, клей
2024

«Вышка»
Ткань, клей, нитки
2024

«Олень»
Ткань, мех, клей, нитки
2024

Серия «Север» – четыре полотна с простыми названиями «Звезда», «Ель», «Вышка» и «Олень». Это отсылка к полотнам Тимура Новикова и картинам Нико Пиросмани, но с сибирским колоритом. Серия передаёт детское восприятие мира художницей. Ощущение, когда ты узнал, что земля не плоская, а, оказывается, круглая. Что на небе есть одна, самая яркая полярная звезда. Что вспышки в ночном небе – это северное сияние, а огонь, который горит вдалеке, – попутный газ, сжигаемый на нефтяных вышках.
Идея этой серии – триумф добра и радости, свойственный детям. Как и Тимур Новиков, в этой серии работ я стараюсь дать возможность зрителю отдохнуть, не думать и не искать глубинных смыслов, а, скорее, обратиться к своим ощущениям. Получить приятные эмоции от тех переживаний и, возможно, воспоминаний, которые рождаются при рассматривании этих полотен.
ookmark: _GoBack]Кристина  работает с темами памяти и детства. Изучает, как эти категории влияют на наше прошлое, настоящее и будущее. Характерные черты творчества автора – интертекстуальность и эклектичность. 



",,[28],
Жернакова,2024,"Александра Жернова
«Туменова София Ермаковна»

Для создания своей работы я составила психологическую и визуальную карту Тюмени, соединив в ней мифы и реальные факты, и переложила её на вымышленного человека. Так появился персонаж Туменова София Ермаковна (Тумен – есть две версии, почему Тюмень так называется. Первая версия: от тюркского слова, означающего 10 тысяч. Академик Г. Ф. приводит татарскую легенду о местном князе, который то ли имел такое количество подданных, то ли мог выставить тумен воинов, то ли заполнил все тюменские овраги своим скотом, и так набралось 10 000 голов. Вторая версия: от татарских слов «тю» (достояние) и «мянь» (я). София – имя, которое тюменцы часто давали новорожденным девочкам в 2023 г. В её отчестве отразился образ Ермака Тимофеевича – казачьего атамана, поход которого позволил начать присоединение Сибири к Русскому государству. Софье 43,8 года (городу 438 лет). День рождения у моей героини 29 июля (29 июля 1586 г. воеводами Василием и Иваном был заложен Тюменский острог). По знаку зодиака София – Лев, а по китайскому календарю – красная огненная собака.

Тюмень – крупный промышленный центр, который занимается добычей нефти и газа, машиностроением, химической промышленностью и другими отраслями, поэтому мой персонаж работает в нефтедобывающей отрасли. Город славится своими достопримечательностями и культурным наследием, поэтому София увлекается искусством.

Внешность Софии строилась благодаря анализу ландшафта, застройки, качества дорог города, а также национальному составу городского населения. У неё большая и многонациональная семья. У Софии четверо детей (четыре административных округа).

У Софии прямые густые тёмные волосы, карие глаза, рост чуть выше среднего. Она предпочитает яркую, иногда странную одежду (не всегда удачный выбор дизайна или цветовой гаммы застроек), есть винтажные вещи, доставшиеся ей от прабабушки и бабушки (деревянное зодчество), а на теле есть татуировки (стрит-арт, которого в городе становится всё больше и больше).


Собрав эти данные, я создала портрет моей героини с помощью нейросети. С этими фотографиями и всей информацией я обратилась к тюменским тарологу-экстрасенсу и проводникам по натальным картам. Вопросы были для всех “экспертов” и проводников одни и те же:
Что вы чувствуете, когда видите её фотографию?
Какое будущее её ждёт?
Какие изменения её ждут?
Чего нужно опасаться?
",,[29],
Родионов,,"Максим Родионов 

В проекте «Культурный слой» фигурируют три экспериментальные картины, по ним мы можем наблюдать как меняется техника художника в периоде последних 4-х лет.

«Сны музыканта»
Техника: холст, масло
2021

Эта работа на грани реальности и сна, именно этот момент стал основной линией картины. Она буквально пронизывает всё пространство холста звуком отсутствующих струн. Символический ряд картины, частично приснившийся художнику во сне, задаёт драматическую атмосферу холста. 

«Мираж»

Техника: холст, масло
2022

Как бы взглядом на себя извне можно рассматривать эту картину. Это персонаж за стеклом. На самом деле реален только он сам, а в остальном это лишь отраженная реальность. Реальность видит только персонаж, а мы, зрители, видим его через эту отражённую реальность как бы из-за стекла, но работа больше о человеке взаперти своих собственных иллюзий.

«Источник»

Техника: холст, масло
2024

 «Источник» – наверное, единственная работа из представленных, в которой совсем нет никаких загадок кроме одной – что же случилось на источнике?!

Творчество Максима Родионова - это чистая импровизация, работающая в связке с аналитической трансформацией пространства и формы. Для его работ характерен внутренний конфликт чувств и метафизических представлений. Работы художника наполнены содержательными образами, столкновениями цветовой палитры, фактур и объёмов.

На его творчество оказали влияние живопись эпохи Ренессанса, особенно искусство северной Европы, храмовое искусство и русская икона. В детстве его вдохновляли работы В.И. Сурикова, И.И. Левитана и других мастеров, а знакомство с П. Пикассо в 2003 году кардинально изменило его восприятие искусства. Также значительное влияние оказал аналитический метод П. Филонова.

ookmark: _GoBack]В целом, творчество Максима напоминает экспериментальный джазовый джем — это поиск, полный эмоциональных линий и импровизаций. Технические аспекты также играют важную роль: художник сочетает несочетаемое, отражая реальность как трансформацию различных взглядов на одну и ту же проблему.
",,[3],
Рейн,,"Вадим Рейман 
«Культурный слой Тюмени» 
Фотография, световая кисть
2024

Фотография в современном мире воспринимается как что-то простое и доступное. У каждого человека в кармане есть портативный фотоаппарат в смартфоне, которым он может запечатлеть цветок, закат или городскую достопримечательность. Вадиму хочется привнести в искусство фотографии художественность, обогатить её дополнительными смыслами, эстетикой. Для этого он использует особый художественный метод – «световая кисть». 
Фотографии сделаны в запасники музейного фондохранилища, где большую часть времени скульптуры находятся во тьме. Вадим экспериментировал с освещением, благодаря чему появилась новая картинка, родилось что-то творческое. 
Используя «световую кисть», Вадим не показывает объекты съёмки «в лоб», реалистично, и, тем самым, скучно. Он старается сделать фотографию скульптуры, показать её иначе, необычно, чтобы люди заинтересовались. Благодаря этому зритель видит верхушку айсберга, ту часть объекта, которая выделена светом. И остаётся простор для воображения. Именно это и помогает достроить объект, догадаться, что скрывает световой рисунок. 
Это и есть момент рождения нового произведения. 
Мы должны стремиться к тому, чтобы видеть привычные вещи иначе. У каждого есть фотоаппарат в руках, но мало кто использует все его возможности…

Вадим Рейман – неординарный тюменский фотограф.
Путь в фотографии начал с желания выразить внутренний мир в творчестве, поскольку профессия в IT-сфере не до конца позволяла это.

",,[30],
Клейман,"Основой для развития культуры является процесс генерации идей – персональный или коллективный, не имеет значения. В быстром современном мире и многообразии всевозможных референсов поток идей иногда зашкаливает, и приходится выбирать и останавливаться на избранных и одобряемых задумках. Конечно, реальность после воплощения разных идей не имеет одинакового проявления – разные идеи скрывают за собой отличающиеся вещественные данности мышления. У кого-то это более сложные структуры, у кого-то простые. Однако одно из одинаковых свойств идей – это их лёгкая и непринуждённая способность забываться.","Елена Клейман 
Серия «Телячьи нежности»
Материал: силиконовая скатерть, ткань, акрил
2024 

В нынешнее время документация жизни происходит перманентно через смартфоны и активность в социальных сетях. Для возврата в счастливые мгновения достаточно разблокировать телефон и пролистать вниз. Запечатлеть момент в нашем детстве получалось намного реже, часто это происходило в особые события: праздники, приезд гостей и родственников. Такие фотографии сейчас имеют особое магическое свойство – они документируют чувства, воспоминания. Порой эти воспоминания становятся коллективными для целого поколения, а ощущение тепла дома и семьи возможно разделить, даже рассматривая фотографии чужих тебе людей. 
Основой серии работ «Телячьи нежности» стали семейные фотографии из моего детства. Они сделаны в нескольких поселениях Тюменской области: д. Новиково, с. Исетское – все они на данный момент сильно изменились, где-то я не была уже много лет. В работах я стремлюсь показать, в первую очередь, момент счастья и любви, пронесённый сквозь года.


Художница и исследовательница, которая работает с темами человеческой и культурной памяти, истории места и понятием дома. В своих проектах обращается к образу человека как к духу места, а также использует символизм как один из способов разговора со зрителем. Основные техники – живопись, текстильный коллаж, жанр – автопортрет, портрет.
Фото: https://drive.google.com/file/d/18r7SsStp9p3q0MItkJcMTpNnqNM5zkgZ/view?usp=sharing 


",,[31],
НИИ Собачьих дел,,"НИИ Собачьих дел 
«Музей недосягаемый вещей» 
Каркас музейного стенда, оцинковка, электронные компоненты, музейные предметы 
2024

Инсталляция «Коллекция недосягаемых вещей» – произведение арт-группы НИИ Собачьих дел, которое представляет собой уникальное исследование взаимодействия человека с окружающим миром через призму недоступных, невидимых или утраченных предметов. Эта инсталляция приглашает зрителя задуматься о ценности и значимости того, что находится за пределами его обыденного восприятия, а также исследовать тему потерянных и забытых вещей в современном мире. Художественно оформленные предметы вызывают у зрителя чувство тайны, ностальгии и удивления, погружая его в атмосферу утраченного времени и упущенных возможностей. Это произведение искусства напоминает нам о важности сохранения исчезающих артефактов и ценностей, а также о необходимости оценивать и ценить моменты, которые могут остаться недоступными или утерянными в бегущем потоке времени.

Кинетические аппараты создают атмосферу напряжённого ожидания и неожиданных возможностей. Звуки кликов и механических движений напоминают о непрерывности жизни и стихийности изменений, которые переплетаются с моментами застывающей неподвижности, олицетворяя вечную борьбу между временем и памятью.

Обшивка стенда металлическими листами придаёт образу холодную промышленную эстетику, подчёркивая важность сохранения исторических и культурных артефактов от воздействия времени и разрушения. Прозрачное стекло, защищающее предметы, символизирует непоколебимую границу между прошлым и настоящим, между уходящими эпохами и сохраняемой памятью.

История и культура скрыты за стеклом ниши, напоминая зрителям о важности глубокого уважения и ухода за наследием прошлого. В то же время кнопки управления кинетическими аппаратами призывают зрителей задуматься о своей роли в сохранении и передаче этого наследия будущим поколениям – ЗАБЫВАТЬ или ПОМНИТЬ?
Инсталляция собрана из каркаса настоящего музейного стенда. Предметы, расположенные внутри, ожидают своего часа, чтобы стать частью музейного фонда, и смешаны с личными предметами художников, которые, в свою очередь, не являются пока претендентами на музейную ценность. Но в данный момент все они находятся в пространстве музея и являются его частью, воплощённой в виде объекта современного искусства. 
",,[32],
Rose_Asрho_Мое_богатство,"Идеи появляются и исчезают. Можем ли мы представить пространство, где они обитают, когда забываются? Интересно представить такое место, аналогичное бескрайнему архиву или библиотеке, где каждая забытая идея хранится в виде светящегося свитка или эфемерного облака, дрейфующего между полками и коридорами этого необычного хранилища. ","Rose Asрho
Серия «Моё богатство»
Панно
2024

Раньше на большие праздники татарские женщины надевали на себя самые красивые наряды и самые дорогие украшения, которые у них были. В своих (пока что) трёх работах Rose Asрho  захотела показать богатство татарского фольклора через форму традиционных украшений. Все три украшения связаны водной стихией: Су Анасы – водяная, Юха – обитает рядом с озёрами, баит Сак-Сок наполнен до краёв слезами.

Rose Asрho – тюменская мультидисциплинарная художница, бумажный инженер, дизайнер, создатель авторских украшений. В своих работах показывает всё, что её волнует, увлекает или захватывает: любовь к природе, мифологии, татарской культуре, родному городу, чувствам. 
Училась в ТГИК на художника-живописца. Создала свою выставку в кофейне «Искусство» и в мастерской «Дайте стену», участвовала в выставках «Синхронизация» и «Топь», работала художником-иллюстратором над эко-проектом «Что будет после меня», куратором и создателем выставки «Между явью и сказкой» в Историческом парке «Россия – моя история», участвовала как художник в арт-резиденции «Вход здесь» и в проекте «По домам». В июле 2024 г. провела арт-лабораторию с жителями города в рамках «Морфологии улиц».

Су Анасы
Это женский водяной дух, обитающий в разных водоёмах. Обычно его изображают как высокую женщину с белой кожей и зелёными волосами. Художница показала её мирной старушкой, которая выступает хранительницей водной среды. 
Зимой Су Анасы спит в пруду подо льдом, поэтому есть поверье, что нельзя шуметь на льду, чтобы ее не потревожить.
Чтобы не гневить хранительницу водоёма, люди задабривают её, бросая в воду монетку или кусочек еды. Взамен она даёт хороший улов рыбы, удачную переправу на другой берег или поход за водой.
Образ Су Анасы сохранил в себе функции и облик древнего божества плодородия и водной стихии в женской ипостаси.

Юха 
Это могучий 1000-летний змей, который может превращаться в человека. Обычно он выбирает образ роковой красавицы. Очень любит воду, поэтому обитает возле водоёмов. 
Юха околдовывает своей соблазнительной красотой, подчиняет своей воле мужчин и по ночам пьёт их кровь. При этом во время женитьбы она выдвигает избраннику ряд требований: во-первых, он не должен видеть, как его возлюбленная расчёсывается; во-вторых, он не должен гладить её по спине. Иначе мужчина может увидеть чешую на спине Юхи или может стать свидетелем того, как его любимая снимает собственную голову для того, чтобы расчесать свои длинные волосы. Если Юху не уничтожить, в скором времени после свадьбы её избранник погибает. 
Уничтожить её можно только на суше, где Юха более уязвима. 
Художница изобразила это существо в момент свадебной церемонии. На Юхе самый красивый наряд, который надевают раз в жизни, и смотрит она на своего избранника пожирающим взглядом.

Сак-Сок
Баит –  жанр поэтического творчества татарского народа (лиро-эпос татар Среднего Поволжья). Как жанр возник около XIV–XV вв.
Баит «Сак-Сок» рассказывает о том, что жили-были два народа, и не поделили они Солнце. Злой дух Див украл Солнце – появилась высокая стена, которая заслонила горизонт. С одной стороны стены жили батыр (отец) и его жена Табиба-Чак-чак (мать). Батыр собрался разбить мечом эту высокую стену, но у него не получилось. Тогда он обратился за помощью к своим сыновьям, чтобы они принесли ему волшебную стрелу из дома. Дети не донесли эту заветную стрелу, потому что до ночи заигрались в лесу. По другой версии, они долго спорили, кто же из них понесёт стрелу отцу, но так и не договорились. Узнав, что сыновья не исполнили просьбу отца, мать прокляла их, и два брата превратились в фантастических птиц Сак и Сок, которые были обречены на вечную разлуку с родителями и друг с другом.

",,[4.1],
Rose_Aspho_Может_чаю,,"Rose Asрho
«Может, чаю?»

Инсталляция
2024

Садись, друг, расскажи: как дела, где был, что видел? 
Не торопись, сперва выпьем чаю. 

Художница рассматривает чаепитие, как форму общения, как предлог для доброго разговора по душам, ведь многовековой процесс чаепития превратился в культурный код дружелюбия у многих народов мира.

Во многих странах чаепитие стало ритуалом, доставляющим и хозяевам, и гостям духовное наслаждение. 

У татар чай традиционно имеет особо важное значение, поэтому для Rose Asрho этот напиток остается чем-то «родным», комфортным, который объединяет коллег, влияет на укрепление родственных связей, расширяет круг друзей. 

Rose Asрho – тюменская мультидисциплинарная художница, бумажный инженер, дизайнер, создатель авторских украшений. В своих работах показывает всё, что её волнует, увлекает или захватывает: любовь к природе, мифологии, татарской культуре, родному городу, чувствам. 
",,[4.2],
Гатауллина,"Это место, невидимое для глаза, доступно только в особых моментах вдохновения, когда человеческий разум случайно находит потерянный ключ или прослеживает невидимую нить, ведущую к одному из этих светящихся","Гатауллина Диана
mojno.prosto.di 

Триптих “Под Никольским мостом”

Тех, кто прошел набережную до самого
конца ожидает вид на реку, текущую под
Никольским мостом. Некогда обмелевший
приток, утекающий в трубу, пустынный
овраг, который много лет хотели
облагородить, в наши дни выглядит
просто невероятно. Природа взяла свое, и я
хочу, чтобы как можно больше людей
увидели это таинство.


Био

Мои картины выполнены акрилом на холстах в технике мистический реализм.
 
В работах я возвращаюсь к истокам: к родному Аравийскому морю и к древнему  Тюменскому, к их легендам и богатой природе. 

Ракушка — самый часто встречающийся образ в моих картинах как символ истории. Той, что существовала миллионы лет до нас и останется после. Вмурованная в гранитные плиты на стенах метро, висящая на шее после отпуска или только формирующаяся раковина речного моллюска в заводи, где бы ты даже не хотел охладить ног — она все также хранит историю. И на каждом этапе эта раковина ценна для тех, кто ей обладает. 
",,[5],
Окаева,фрагментов.,"Диана Окаева
«Дома лучше. Карта значимых мест»
Вышивка, графика
2024

Каждый день каждый из нас ходит по городу и ткёт свою паутинку дорожек. Они петляют, иногда непослушно путаются, иногда неожиданно сплетают нас в единый комочек разных маршрутов. Наверняка у всех было: бежишь по делам, а тебе навстречу знакомый, а потом ещё один, и ещё! Все наши тропинки переплетаются в бесконечное полотно крепко-накрепко связанных между собой ниточек, которые ведут к совершенно разным зданиям, паркам, дворам. 
Карта через частные значимые места моего папы, человека, который самым первым из всей нашей семьи оказался в Тюмени, будучи 17-летним школьником, показывает очень личную, но одновременно нашу общую историю жизни в Тюмени. Историю наивную, местами глупую и трогательную, которая началась в первые годы 1980-х.
",,[6],
Щелкун,,"Дарья Щелкун
«Быть» 
Фотография
2023
«Быть» – это про жизнь небольшого села, про скот, про ветхие дома, про яркие наличники, про глубокие колодцы с холодной водой, про дрова, которые готовят к зиме, про орнаменты, которые рисуют на воротах оград, про чистый воздух. Про то, что надо просто как-то существовать здесь и сейчас, просто быть.
Дарья Щелкун – исследователь и художница, которая работает с фотографией, инсталляциями, картинами. В Тюмень Дарья переехала 3 года назад. Своей малой родиной считает Нижнетавдинский район, село Велижаны. 
В своих работах она раскрывает тему детства, воспоминаний. Также, Дарья обращается к теме тепловидения, наблюдая за распределением температуры исследуемой поверхности.
Фотопроект «Быть» отражает жизнь обычной деревни Тюменской области.
Многие населённые пункты уходят в небытие, поэтому очень важно напоминать о таких уголках нашего края. Прежде всего, деревни являются неотъемлемой частью исторического и культурного наследия. В них сохраняются традиции, обычаи и ценности, которые передаются из поколения в поколение.
",,[7],
Тасымов,"В этом мистическом пространстве, возможно, существуют хранители – эфирные существа или автоматы, обеспечивающие порядок и сохранность идей. Они, возможно, обновляют устаревшие концепции и иногда, случайно или умышленно, отправляют их обратно в мир людей через мгновения озарения. Эти идеи, находясь в таком архиве, могут соединяться друг с другом, создавая новые, ещё не изведанные концепции.","Жаслан Тасымов 
«Фасадный слой»
Техника: панно, мозаика 
2024

Проходя мимо деревянных домов, в силу своей заинтересованности и, вероятно, профдеформации столяра-плотника, всегда подмечаю, каким образом хозяева оформили внешний декор своих жилищ. Больше всего в поле зрения попадают наличники.  
Мне захотелось показать разные виды наличников из разных районов Тюмени. Этим проектом я хочу запечатлеть эти «артефакты культурного слоя», многие из которых, скорее всего, обветшают и впоследствии будут снесены и застроены.В своей работе я не демонстрирую наличники, которые располагаются в историческом центре нашего города, а показываю особенности деревянного зодчества окраин. 

Жаслан создает мебель и предметы для дома и офиса уже более 10 лет. С детства его тянуло к природе, особенно к дереву, что, вероятно, связано с его происхождением из небольшого поселка, окруженного лесами и реками. Часто проводя время с бабушкой и дедушкой, который был столяром, Жаслан развил интерес к этому ремеслу.
После переезда в Тюмень он поступил в колледж, где освоил столярное дело и работал в нескольких местных компаниях. Набравшись опыта, он основал собственный бренд «остá», что переводится как «мастер» или «умелец».
Его изделия отличаются минималистичным дизайном и включают дополнительные опции. Большинство из них изготовлены из фанеры — прочного, доступного и экологичного материала.
",,[8],
Алексеева,,"Анна Алексеева
«Тюменский код на коже»
Техника: татуировка
2024
В рамках экспозиции представлены работы, воплощающие в себе исторические и культурные особенности города Тюмени. 
Тюменские весы, использовавшиеся во всём СССР, – символ централизации и стандартизации. Эти весы олицетворяют историческую связь Тюмени со всей страной. 
Водонапорная башня – объект, окружённый мистическими легендами. Она стала неотъемлемой частью городского ландшафта и культурного наследия Тюмени. 
Тюменский деревянный наличник – пример уникального деревянного зодчества Тюмени. Этот экспонат демонстрирует особенности местной архитектуры и традиции оформления наличников в Тюмени. 
Первая 16-этажная постройка в Тюмени – знаковое событие для города, ознаменованное популярным высказыванием ведущего Валентина Кологривова: «Горожане штурмуют высоту первого в Тюмени 16-этажного дома». Это произведение отражает стремление Тюмени к развитию и прогрессу.
Для создания ярких и запоминающихся изображений Анна использует нестандартные материалы, такие, как силикон и тату-пигменты.
Творческая жизнь Анны Алексеевой началась, когда ей было всего пять с половиной лет. Именно тогда она создала свою первую работу, которая была включена в тюменскую областную выставку. Эта работа таила в себе искру неуемного творчества. 
С течением времени Анна не просто увлеклась творчеством, но и значительно углубила свои знания и навыки в искусстве, получив два высших образования, одно из которых — на художественно-графическом факультете. Но её сердце завоевали не только кисти и краски. 
С детства Анна была очарована каллиграфией и рисованием, и эти страсти лишь усиливались с годами. Однако, посудите сами, жизнь — она такая широкая и многогранная, почему бы не попробовать себя в чём-то новом? Так она приобщилась к миру тату — и уже более шести лет посвящает себя этому искусству.  Некоторое время Анна провела в Польше, работая тату-мастером. 
Ее становление в мире творчества не ограничиваются только тату и рисованием. Одна из её работ гордо занимает место в книге рекордов Гиннеса. Но и это ещё не всё! Её любовь к творчеству постоянно находит новые пути для реализации, позволяя создавать уникальные полотна, которые, она надеется, касаются струн вашей души. 
Как будто этого было мало, Анна также успела поработать дизайнером в крупном авто холдинге. Каждый из этих опытов по-своему обогатил её и помог вложить частичку души в каждый проект. 
В этом году она стала частью большого кинопроекта, работая бутафором над фильмом «Горыныч» в команде мастерской художниц Надежды Васильевой (Балобановой) и Лёли Михайловой. 
Сегодня, стоя у порога этого музея, Анна чувствует себя мостом между прошлым и будущим своего искусства. И она приглашает каждого из вас пройти по этому мосту вместе с ней, открывая новые горизонты и переживая незабываемые моменты, которые, она надеется, останутся с вами навсегда.
",,[9],
,"Такое взаимодействие приводит к тому, что, возвращаясь в мир реальный, они уже не такие, когда были забыты; они трансформированы, обогащены, готовы вновь влиять на ход человеческой мысли.",,,,
,,,,,
,"ookmark: _GoBack]Инсталляция создана в жанре глубоких медиа (deep media) в стиле soviet wave с элементами хонтологии и аллегорического искусства. Вбирает в себя аудио, видео и объектную документацию по итогам посещения территории бывшей ракетной станции «Долина», расположенной в 40 км от Тюмени. Внешний вид сохранившихся помещений отсылает к фильмам Андрея Тарковского (Сталкер, Зеркало), фильмам Кончаловского (Сибириада), заброшенным научно-исследовательским институтам и первобытным менгирам, показанным через долгий медитативный статический кадр. Аудиально инсталляция наполнена полевыми записями и записью резонаций некоторых помещений станции.",,,,
,"Созданный и размещённый как бы в центре экспозиции объект отсылает к советской фантастике («Гиперболоид инженера Гарина» Толстой, «Маркун» Платонов) и  советской психотронике.",,,,
,,,,,
,"Инсталляция аллегорически демонстрирует пространство существования забытых эйдосов или идей, а также аппарат – генератор идей, который фильтрует и перерабатывает забытые идеи и выпускает их на волю.",,,,
